minx,miny,maxx,maxy
117.919401,-22.876175,118.128176,-22.73439
