minx,miny,maxx,maxy
117.078875,-22.676352,117.534865,-22.443002
